{
  "None": {
    "id": 0,
    "hash": 0.0
  },
  "Background": {
    "id": 0,
    "hash": 8.813877343527565e-07
  },
  "Frame": {
    "id": 1,
    "hash": -6.629439665541094e-20
  },
  "Slide": {
    "id": 2,
    "hash": 24089194397696.0
  },
  "Barrel": {
    "id": 3,
    "hash": 19242.033203125
  },
  "Trigger": {
    "id": 4,
    "hash": -1.4792536308580352e+16
  },
  "MagBasePlate": {
    "id": 5,
    "hash": 6.643963388341945e-07
  },
  "MSH": {
    "id": 6,
    "hash": 6.83738278439705e-07
  },
  "GripSafety": {
    "id": 7,
    "hash": -6.641649326673271e+36
  },
  "ThumbSafety": {
    "id": 8,
    "hash": -30.26548194885254
  },
  "Plunger": {
    "id": 9,
    "hash": -1.071479687198007e-06
  },
  "SlideStop": {
    "id": 10,
    "hash": -1.8793413074130912e-14
  },
  "MagCatch": {
    "id": 11,
    "hash": -1.5101783617568768e+17
  },
  "MagCatchLock": {
    "id": 12,
    "hash": -3.09312560434372e+25
  },
  "Hammer": {
    "id": 13,
    "hash": 2.8859859045724556e+23
  },
  "FPS": {
    "id": 14,
    "hash": 2.8776679390080107e-12
  },
  "Ejector": {
    "id": 15,
    "hash": -1.4855859615930182e-36
  },
  "Extractor": {
    "id": 16,
    "hash": -8.797709594607052e-37
  },
  "BarrelBushing": {
    "id": 17,
    "hash": 3.2686579034201124e+26
  },
  "GuideRod": {
    "id": 18,
    "hash": -2780505833472.0
  },
  "RecoilSpringPlug": {
    "id": 19,
    "hash": 0.799383819103241
  },
  "SightFront": {
    "id": 20,
    "hash": 2.5292676286703397e-10
  },
  "SightRear": {
    "id": 21,
    "hash": -5.8928243486697015e+35
  },
  "GripScrew": {
    "id": 22,
    "hash": -1.6428799653929955e-37
  },
  "MSHPin": {
    "id": 23,
    "hash": 5.0770509395162786e+36
  },
  "MSHCapPin": {
    "id": 24,
    "hash": -468216152064.0
  },
  "HammerPin": {
    "id": 25,
    "hash": 1.7482187659167906e-38
  },
  "SearPin": {
    "id": 26,
    "hash": 1.3537306041769281e-12
  },
  "HammerStrut": {
    "id": 27,
    "hash": 8.789640022766054e-12
  },
  "HammerStrutPin": {
    "id": 28,
    "hash": -9.460639224219169e+26
  },
  "PlungerPin": {
    "id": 29,
    "hash": -3.1758989997261202e+32
  },
  "GripLeft": {
    "id": 30,
    "hash": 2.891855790773654e+20
  },
  "GripLeftBob": {
    "id": 30,
    "hash": -2.8464614135227266e+22
  },
  "GripRight": {
    "id": 30,
    "hash": 6.3998124347183085e-27
  },
  "GripRightBob": {
    "id": 30,
    "hash": -2.427327792931419e+36
  },
  "LatheSteel": {
    "id": 31,
    "hash": -47838.1484375
  }
}